Date, Sleep Time, Wake Time, Hours,,
26.12.2020,02:36:00,09:29:00,6,89,,
26.12.2020,01:47:00,02:25:00,0,64,,
25.12.2020,03:03:00,09:28:00,6,42,,
24.12.2020,03:00:00,10:00:00,7,,
23.12.2020,02:08:00,08:57:00,6,81,,
22.12.2020,03:13:00,10:57:00,7,73,,
21.12.2020,04:12:00,09:50:00,5,63,,
20.12.2020,01:40:00,10:40:00,9,,
19.12.2020,04:21:00,09:38:00,5,29,,
19.12.2020,02:48:00,04:09:00,1,34,,
19.12.2020,22:39:00,02:38:00,3,98,,
18.12.2020,03:32:00,08:50:00,5,3,,
17.12.2020,07:44:00,10:59:00,3,25,,
17.12.2020,01:43:00,07:34:00,5,84,,
16.12.2020,03:22:00,08:49:00,5,45,,
15.12.2020,04:07:00,08:50:00,4,71,,
14.12.2020,03:17:00,09:10:00,5,88,,
13.12.2020,02:10:00,09:47:00,7,61,,
12.12.2020,05:00:00,08:31:00,3,51,,
11.12.2020,09:05:00,11:00:00,1,91,,
11.12.2020,09:05:00,10:52:00,1,78,,
11.12.2020,02:47:00,08:55:00,6,13,,
10.12.2020,05:00:00,10:53:00,5,88,,
09.12.2020,09:06:00,11:20:00,2,23,,
09.12.2020,03:09:00,08:56:00,5,77,,
08.12.2020,04:58:00,08:55:00,3,94,,
07.12.2020,04:44:00,11:00:00,6,26,,
06.12.2020,00:05:00,05:57:00,5,86,,
05.12.2020,05:03:00,10:40:00,5,61,,
04.12.2020,03:59:00,11:00:00,7,01,,
03.12.2020,04:25:00,12:05:00,7,66,,
02.12.2020,03:11:00,11:30:00,8,31,,
01.12.2020,11:16:00,12:20:00,1,07,,
01.12.2020,02:58:00,07:50:00,4,85,,
30.11.2020,04:41:00,10:50:00,6,15,,
29.11.2020,11:11:00,11:38:00,0,44,,
29.11.2020,10:11:00,11:01:00,0,83,,
29.11.2020,04:35:00,10:00:00,5,42,,
28.11.2020,09:47:00,10:30:00,0,71,,
28.11.2020,01:53:00,09:23:00,7,48,,
27.11.2020,06:26:00,12:05:00,5,64,,
27.11.2020,01:13:00,06:16:00,5,05,,
26.11.2020,23:31:00,08:54:00,9,37,,
25.11.2020,03:12:00,07:15:00,4,05,,
24.11.2020,11:08:00,11:50:00,0,7,,
24.11.2020,03:21:00,08:35:00,5,23,,
23.11.2020,02:28:00,09:55:00,7,45,,
22.11.2020,02:25:00,10:45:00,8,33,,
21.11.2020,03:00:00,11:20:00,8,33,,
20.11.2020,01:41:00,09:17:00,7,6,,
19.11.2020,03:56:00,10:30:00,6,56,,
18.11.2020,09:37:00,10:30:00,0,88,,
18.11.2020,02:17:00,08:48:00,6,51,,
17.11.2020,07:21:00,09:56:00,2,58,,
17.11.2020,01:00:00,07:10:00,6,16,,
16.11.2020,02:06:00,09:11:00,7,08,,
15.11.2020,02:37:00,11:18:00,8,66,,
14.11.2020,06:05:00,09:00:00,2,91,,
14.11.2020,23:42:00,05:45:00,6,03,,
13.11.2020,09:31:00,10:44:00,1,2,,
13.11.2020,03:07:00,09:10:00,6,05,,
12.11.2020,01:16:00,09:36:00,8,32,,
11.11.2020,10:12:00,11:42:00,1,49,,
11.11.2020,04:18:00,08:55:00,4,62,,
11.11.2020,00:18:00,04:08:00,3,83,,
10.11.2020,03:02:00,08:50:00,5,8,,
10.11.2020,01:41:00,02:52:00,1,17,,
09.11.2020,10:50:00,12:02:00,1,2,,
09.11.2020,04:20:00,08:45:00,4,41,,
08.11.2020,02:15:00,10:00:00,7,75,,
07.11.2020,05:41:00,10:03:00,4,36,,
07.11.2020,00:38:00,05:31:00,4,88,,
06.11.2020,02:17:00,09:06:00,6,81,,
05.11.2020,03:00:00,09:12:00,6,19,,
04.11.2020,07:38:00,08:30:00,0,86,,
04.11.2020,01:16:00,07:28:00,6,19,,
03.11.2020,02:30:00,08:00:00,5,5,,
02.11.2020,09:28:00,09:51:00,0,38,,
02.11.2020,02:41:00,09:16:00,6,57,,
01.11.2020,05:54:00,09:07:00,3,2,,
01.11.2020,00:15:00,04:10:00,3,91,,
31.10.2020,01:46:00,09:10:00,7,4,,
30.10.2020,09:20:00,10:35:00,1,25,,
30.10.2020,03:57:00,09:10:00,5,21,,
29.10.2020,08:29:00,09:00:00,0,51,,
29.10.2020,01:59:00,08:00:00,6,01,,
28.10.2020,00:12:00,07:41:00,7,47,,
27.10.2020,00:01:00,07:25:00,7,39,,
26.10.2020,00:25:00,08:18:00,7,88,,
25.10.2020,03:46:00,07:21:00,3,59,,
25.10.2020,02:15:00,03:35:00,1,33,,
25.10.2020,02:00:00,03:00:00,1,,
25.10.2020,00:15:00,02:06:00,2,86,,
24.10.2020,23:02:00,09:00:00,9,96,,
23.10.2020,04:04:00,07:30:00,3,43,,
22.10.2020,07:30:00,08:50:00,1,33,,
22.10.2020,23:05:00,07:22:00,8,28,,
21.10.2020,00:53:00,08:56:00,8,05,,
20.10.2020,01:25:00,08:50:00,7,41,,
19.10.2020,04:13:00,08:28:00,4,24,,
18.10.2020,07:03:00,09:04:00,2,02,,
18.10.2020,00:42:00,06:53:00,6,17,,
17.10.2020,04:56:00,08:39:00,3,71,,
17.10.2020,00:00:00,04:45:00,4,75,,
16.10.2020,04:39:00,09:00:00,4,34,,
15.10.2020,08:15:00,09:03:00,0,8,,
15.10.2020,01:36:00,08:09:00,6,54,,
14.10.2020,08:05:00,08:49:00,0,73,,
14.10.2020,05:47:00,08:00:00,2,2,,
14.10.2020,01:03:00,05:37:00,4,56,,
13.10.2020,00:17:00,08:50:00,8,54,,
12.10.2020,03:02:00,09:01:00,5,99,,
11.10.2020,01:04:00,09:00:00,7,93,,
10.10.2020,09:11:00,10:00:00,0,81,,
10.10.2020,04:34:00,08:57:00,4,38,,
10.10.2020,23:58:00,04:21:00,4,38,,
09.10.2020,02:40:00,09:00:00,6,33,,
08.10.2020,01:14:00,09:15:00,8,01,,
07.10.2020,02:49:00,08:45:00,5,93,,
06.10.2020,02:07:00,08:39:00,6,53,,
05.10.2020,01:24:00,09:13:00,7,8,,
04.10.2020,19:00:00,19:30:00,0,5,,
04.10.2020,01:21:00,09:24:00,8,05,,
03.10.2020,00:58:00,08:22:00,7,4,,
02.10.2020,06:25:00,08:37:00,2,2,,
02.10.2020,01:06:00,06:07:00,5,01,,
01.10.2020,00:47:00,09:15:00,8,46,,
30.09.2020,07:19:00,08:18:00,0,98,,
30.09.2020,02:47:00,07:08:00,4,35,,
30.09.2020,01:09:00,02:36:00,1,45,,
29.09.2020,03:45:00,08:10:00,4,42,,
29.09.2020,22:45:00,03:34:00,4,81,,
28.09.2020,01:34:00,10:05:00,8,51,,
27.09.2020,08:15:00,09:00:00,0,75,,
27.09.2020,23:47:00,07:55:00,8,14,,
26.09.2020,01:24:00,09:30:00,8,1,,
25.09.2020,06:46:00,08:20:00,1,57,,
25.09.2020,03:57:00,06:36:00,2,65,,
25.09.2020,00:02:00,03:39:00,3,61,,
24.09.2020,00:57:00,08:25:00,7,46,,
23.09.2020,01:09:00,08:25:00,7,26,,
22.09.2020,04:37:00,08:15:00,3,63,,
22.09.2020,00:07:00,04:26:00,4,31,,
21.09.2020,23:32:00,08:00:00,8,46,,
20.09.2020,00:18:00,08:57:00,8,66,,
19.09.2020,09:16:00,10:30:00,1,23,,
19.09.2020,01:54:00,09:06:00,7,18,,
18.09.2020,03:37:00,07:35:00,3,97,,
18.09.2020,00:01:00,03:22:00,3,34,, lebo ukazal prstem na panenku a ona zacala smit
17.09.2020,03:43:00,10:00:00,6,28,,
17.09.2020,23:17:00,03:12:00,3,92,,
16.09.2020,02:50:00,09:11:00,6,35,,
16.09.2020,00:34:00,02:38:00,2,06,,
15.09.2020,06:45:00,08:17:00,1,53,,
15.09.2020,00:59:00,06:34:00,5,57,,
14.09.2020,03:49:00,07:38:00,3,81,,
14.09.2020,21:41:00,03:43:00,6,03,,
13.09.2020,02:07:00,09:55:00,7,79,,
12.09.2020,08:56:00,10:00:00,1,06,,
12.09.2020,01:09:00,08:30:00,7,34,,
11.09.2020,19:02:00,19:47:00,0,74,,
11.09.2020,05:24:00,07:43:00,2,32,,
11.09.2020,00:36:00,05:13:00,4,6,,
10.09.2020,08:24:00,09:58:00,1,56,,
10.09.2020,02:00:00,07:50:00,5,83,,
09.09.2020,23:37:00,07:30:00,7,88,,
08.09.2020,02:29:00,08:14:00,5,74,,
07.09.2020,01:45:00,07:25:00,5,66,,
06.09.2020,03:19:00,09:18:00,5,98,,
05.09.2020,07:32:00,09:32:00,2,,
05.09.2020,00:10:00,07:38:00,7,47,,
04.09.2020,00:40:00,07:26:00,6,76,,
03.09.2020,01:00:00,07:24:00,6,39,,
02.09.2020,01:41:00,07:21:00,5,67,,
01.09.2020,01:42:00,07:50:00,6,13,,
31.08.2020,02:00:00,07:32:00,5,53,,
30.08.2020,01:37:00,08:19:00,6,7,,
29.08.2020,02:41:00,08:15:00,5,56,,
28.08.2020,00:57:00,07:27:00,6,49,,
27.08.2020,00:07:00,07:10:00,7,05,,
26.08.2020,05:50:00,07:18:00,1,46,,
26.08.2020,23:32:00,05:40:00,6,12,,
25.08.2020,00:30:00,07:58:00,7,45,,
24.08.2020,00:37:00,07:00:00,6,38,,
23.08.2020,23:48:00,08:16:00,8,45,,
22.08.2020,00:03:00,08:20:00,8,28,,
21.08.2020,23:25:00,07:13:00,7,8,,
20.08.2020,23:55:00,08:45:00,8,83,,
19.08.2020,04:40:00,08:10:00,3,5,,
19.08.2020,23:33:00,04:10:00,4,61,,
18.08.2020,02:37:00,07:12:00,4,58,,
18.08.2020,22:11:00,02:26:00,4,26,,
17.08.2020,07:06:00,07:41:00,0,58,,
17.08.2020,02:13:00,06:55:00,4,71,,
17.08.2020,22:58:00,01:37:00,2,65,,
16.08.2020,04:00:00,07:49:00,3,81,,
16.08.2020,02:51:00,03:59:00,1,13,,
16.08.2020,00:06:00,02:41:00,2,59,,
15.08.2020,07:15:00,08:25:00,1,16,,
15.08.2020,06:38:00,07:05:00,0,44,,
15.08.2020,23:41:00,06:28:00,6,78,,
14.08.2020,04:26:00,08:13:00,3,79,,
14.08.2020,23:50:00,04:16:00,4,43,,
13.08.2020,07:45:00,08:30:00,0,75,,
13.08.2020,23:00:00,07:29:00,8,48,,
12.08.2020,06:21:00,07:09:00,0,8,,
12.08.2020,00:04:00,05:47:00,5,72,,
11.08.2020,00:04:00,07:08:00,7,07,,
10.08.2020,06:03:00,07:32:00,1,49,,
10.08.2020,01:20:00,05:52:00,4,52,,
09.08.2020,09:20:00,11:28:00,2,13,,
09.08.2020,02:25:00,09:10:00,6,75,,
08.08.2020,15:45:00,16:23:00,0,63,,
08.08.2020,14:37:00,15:37:00,1,,
08.08.2020,00:26:00,07:07:00,6,68,,
07.08.2020,23:30:00,07:19:00,7,81,,
06.08.2020,01:19:00,07:24:00,6,07,,
05.08.2020,00:50:00,07:20:00,6,49,,
04.08.2020,00:36:00,07:22:00,6,75,,
03.08.2020,04:41:00,07:00:00,2,3,,
03.08.2020,23:45:00,04:26:00,4,68,,
02.08.2020,01:36:00,08:17:00,6,68,,
01.08.2020,07:32:00,09:18:00,1,76,,
01.08.2020,00:44:00,07:20:00,6,59,,
31.07.2020,23:40:00,07:01:00,7,35,,
30.07.2020,03:05:00,07:05:00,3,99,,
30.07.2020,00:16:00,02:55:00,2,64,,
30.07.2020,23:36:00,00:06:00,0,49,,
29.07.2020,01:00:00,07:00:00,6,,
28.07.2020,23:45:00,07:06:00,7,34,,
27.07.2020,23:26:00,06:51:00,7,41,,
26.07.2020,07:03:00,08:04:00,1,01,,
26.07.2020,23:30:00,06:41:00,7,18,,
25.07.2020,23:21:00,07:38:00,8,27,,
24.07.2020,00:38:00,07:09:00,6,51,,
23.07.2020,00:32:00,07:19:00,6,77,,
22.07.2020,00:53:00,07:12:00,6,32,,
21.07.2020,00:07:00,07:13:00,7,1,,
20.07.2020,02:51:00,07:17:00,4,42,,
20.07.2020,00:08:00,02:41:00,2,55,,
19.07.2020,01:34:00,09:00:00,7,43,,
18.07.2020,03:38:00,08:45:00,5,13,,
18.07.2020,02:24:00,03:25:00,1,,
18.07.2020,23:57:00,02:14:00,2,28,,
17.07.2020,04:00:00,07:18:00,3,3,,
17.07.2020,23:25:00,03:50:00,4,41,,
16.07.2020,00:05:00,07:15:00,7,15,,
15.07.2020,05:24:00,07:24:00,2,,
15.07.2020,00:46:00,05:15:00,4,48,,
14.07.2020,04:28:00,07:17:00,2,81,,
14.07.2020,03:10:00,04:16:00,1,1,,
14.07.2020,00:44:00,03:07:00,2,38,,
13.07.2020,07:17:00,07:25:00,0,12,,
13.07.2020,01:10:00,07:07:00,5,95,,
12.07.2020,09:09:00,10:05:00,0,93,,
12.07.2020,00:50:00,08:39:00,7,81,,
11.07.2020,05:38:00,08:38:00,3,,
11.07.2020,00:44:00,05:28:00,4,73,,
10.07.2020,00:20:00,07:00:00,6,66,,
09.07.2020,03:37:00,07:09:00,3,53,,
09.07.2020,23:18:00,03:27:00,4,15,,
08.07.2020,08:24:00,09:13:00,0,8,,
08.07.2020,02:55:00,07:55:00,4,99,,
08.07.2020,00:45:00,02:41:00,1,93,,
07.07.2020,09:16:00,09:41:00,0,4,,
07.07.2020,01:27:00,09:03:00,7,6,,
06.07.2020,08:00:00,10:47:00,2,78,,
06.07.2020,03:28:00,07:48:00,4,33,,
05.07.2020,02:39:00,09:16:00,6,61,,
05.07.2020,01:46:00,02:29:00,0,71,,
04.07.2020,02:20:00,07:58:00,5,62,,
03.07.2020,05:45:00,08:20:00,2,58,,
03.07.2020,23:19:00,05:27:00,6,13,,
02.07.2020,01:49:00,07:54:00,6,08,,
01.07.2020,01:13:00,08:30:00,7,28,,
30.06.2020,01:02:00,08:30:00,7,46,,
29.06.2020,02:11:00,09:15:00,7,06,,
28.06.2020,08:12:00,08:40:00,0,46,,
28.06.2020,01:25:00,07:46:00,6,35,,
27.06.2020,01:42:00,09:04:00,7,36,,
26.06.2020,01:02:00,09:02:00,8,,
25.06.2020,00:34:00,08:09:00,7,57,,
24.06.2020,01:32:00,08:40:00,7,13,,
23.06.2020,08:34:00,09:20:00,0,76,,
23.06.2020,01:40:00,08:24:00,6,73,,
22.06.2020,07:55:00,08:37:00,0,7,,
22.06.2020,00:08:00,07:43:00,7,58,,
21.06.2020,00:38:00,08:11:00,7,54,,
20.06.2020,08:15:00,08:38:00,0,37,,
20.06.2020,00:14:00,08:05:00,7,85,,
19.06.2020,02:16:00,09:00:00,6,73,,
18.06.2020,07:04:00,09:00:00,1,93,,
18.06.2020,00:18:00,06:49:00,6,52,,
17.06.2020,05:35:00,09:00:00,3,41,,
17.06.2020,01:01:00,05:24:00,4,38,,
16.06.2020,09:44:00,11:17:00,1,53,,
16.06.2020,01:28:00,08:59:00,7,51,,
15.06.2020,06:52:00,09:10:00,2,3,,
15.06.2020,02:20:00,06:42:00,4,35,,
14.06.2020,01:46:00,09:11:00,7,42,,
13.06.2020,01:59:00,09:00:00,7,01,,
12.06.2020,03:38:00,09:31:00,5,88,,
11.06.2020,01:28:00,08:49:00,7,35,,
10.06.2020,01:45:00,09:04:00,7,31,,
09.06.2020,02:38:00,08:02:00,5,4,,
08.06.2020,06:49:00,07:58:00,1,15,,
08.06.2020,04:21:00,06:37:00,2,26,,
08.06.2020,23:26:00,04:10:00,4,73,,
07.06.2020,23:34:00,08:15:00,8,68,,
06.06.2020,03:59:00,08:18:00,4,31,,
06.06.2020,23:40:00,03:02:00,3,36,,
05.06.2020,23:05:00,07:40:00,8,58,,
04.06.2020,07:07:00,08:21:00,1,23,,
04.06.2020,05:00:00,06:35:00,1,59,,
04.06.2020,03:24:00,04:49:00,1,41,,
04.06.2020,00:45:00,03:13:00,2,46,,
03.06.2020,04:08:00,07:00:00,2,86,,
03.06.2020,23:35:00,03:57:00,4,36,,
02.06.2020,03:27:00,07:41:00,4,23,,
02.06.2020,23:42:00,03:17:00,3,58,,
01.06.2020,04:26:00,08:29:00,4,05,,
01.06.2020,00:31:00,03:41:00,3,16,,
31.05.2020,07:17:00,09:04:00,1,77,,
31.05.2020,04:46:00,07:06:00,2,33,,
31.05.2020,23:02:00,04:32:00,5,5,,
30.05.2020,07:57:00,08:23:00,0,43,,
30.05.2020,04:02:00,07:47:00,3,76,,
30.05.2020,22:43:00,03:51:00,5,12,,
29.05.2020,01:07:00,05:49:00,4,7,,
28.05.2020,08:18:00,10:24:00,2,1,,
28.05.2020,01:15:00,08:10:00,6,91,,
28.05.2020,00:45:00,01:16:00,0,52,,
27.05.2020,01:38:00,09:11:00,7,55,,
26.05.2020,01:03:00,09:07:00,8,06,,
25.05.2020,00:48:00,08:01:00,7,21,,
24.05.2020,04:26:00,08:20:00,3,9,,
24.05.2020,00:58:00,04:14:00,3,27,,
23.05.2020,02:12:00,08:57:00,6,75,,
23.05.2020,23:28:00,02:07:00,2,65,,
22.05.2020,04:02:00,08:25:00,4,38,,
22.05.2020,03:16:00,03:52:00,0,58,,
22.05.2020,00:42:00,03:01:00,2,31,,
21.05.2020,03:46:00,07:51:00,4,09,,
21.05.2020,23:39:00,03:36:00,3,93,,
20.05.2020,23:40:00,08:35:00,8,92,,
19.05.2020,01:06:00,08:30:00,7,4,,
18.05.2020,08:20:00,08:50:00,0,5,,
18.05.2020,02:15:00,08:10:00,5,91,,
18.05.2020,01:02:00,02:01:00,0,98,,
17.05.2020,03:36:00,08:11:00,4,58,,
17.05.2020,00:09:00,03:00:00,2,85,,
16.05.2020,01:18:00,08:30:00,7,2,,
15.05.2020,02:04:00,08:00:00,5,93,,
15.05.2020,00:59:00,01:53:00,0,9,,
14.05.2020,03:43:00,09:18:00,5,58,,
14.05.2020,01:22:00,03:33:00,2,17,,
13.05.2020,04:18:00,08:41:00,4,37,,
13.05.2020,01:39:00,04:08:00,2,47,,
12.05.2020,04:28:00,09:29:00,5,01,,
12.05.2020,03:00:00,04:18:00,1,29,,
12.05.2020,01:40:00,02:50:00,1,15,,
11.05.2020,01:58:00,09:29:00,7,51,,
10.05.2020,00:36:00,08:56:00,8,33,,
09.05.2020,05:26:00,09:24:00,3,96,,
09.05.2020,02:40:00,05:16:00,2,59,,
08.05.2020,08:52:00,09:26:00,0,56,,
08.05.2020,01:55:00,07:40:00,5,75,,
07.05.2020,06:05:00,08:14:00,2,16,,
07.05.2020,23:45:00,05:54:00,6,15,,
06.05.2020,03:30:00,08:11:00,4,68,,
06.05.2020,00:08:00,03:20:00,3,19,,
05.05.2020,01:37:00,08:20:00,6,71,,
05.05.2020,23:47:00,01:27:00,1,65,,
04.05.2020,01:46:00,08:30:00,6,73,,
04.05.2020,00:51:00,01:36:00,0,75,,
03.05.2020,01:59:00,08:19:00,6,33,,
02.05.2020,08:21:00,09:39:00,1,3,,
02.05.2020,00:59:00,08:11:00,7,2,,
01.05.2020,02:02:00,08:33:00,6,51,,
01.05.2020,23:38:00,01:38:00,2,,
30.04.2020,02:23:00,08:55:00,6,53,,
29.04.2020,02:53:00,09:06:00,6,22,,
29.04.2020,00:36:00,02:43:00,2,11,,
28.04.2020,08:38:00,09:00:00,0,36,,
28.04.2020,03:21:00,08:28:00,5,11,,
28.04.2020,01:23:00,02:43:00,1,32,,
27.04.2020,03:28:00,08:27:00,4,98,,
27.04.2020,00:33:00,03:18:00,2,74,,
26.04.2020,04:24:00,08:46:00,4,37,,
26.04.2020,01:04:00,03:37:00,2,54,,
25.04.2020,04:33:00,09:40:00,5,11,,
25.04.2020,01:48:00,04:22:00,2,56,,
24.04.2020,02:19:00,08:51:00,6,54,,
24.04.2020,23:31:00,02:08:00,2,62,,
23.04.2020,01:22:00,09:22:00,7,99,,
22.04.2020,04:01:00,08:04:00,4,04,,
22.04.2020,01:22:00,03:51:00,2,46,,
21.04.2020,07:55:00,08:43:00,0,8,,
21.04.2020,01:26:00,07:45:00,6,31,,
21.04.2020,01:13:00,01:16:00,0,04,,
21.04.2020,00:34:00,01:12:00,0,61,,
20.04.2020,05:09:00,08:18:00,3,15,,
20.04.2020,00:45:00,04:59:00,4,23,,
19.04.2020,04:53:00,09:26:00,4,55,,
19.04.2020,03:46:00,04:39:00,0,88,,
19.04.2020,00:41:00,03:36:00,2,9,,
18.04.2020,03:50:00,09:42:00,5,86,,
17.04.2020,05:42:00,08:35:00,2,88,,
17.04.2020,01:20:00,05:32:00,4,2,,
16.04.2020,05:16:00,08:47:00,3,51,,
16.04.2020,04:10:00,05:05:00,0,91,,
16.04.2020,23:36:00,03:32:00,3,92,,
15.04.2020,01:22:00,07:43:00,6,35,,
15.04.2020,00:30:00,00:57:00,0,43,,
14.04.2020,02:22:00,08:30:00,6,13,,
14.04.2020,00:20:00,02:12:00,1,86,,
13.04.2020,06:35:00,08:25:00,1,83,,
13.04.2020,00:27:00,06:22:00,5,91,,
13.04.2020,23:28:00,00:16:00,0,79,,
12.04.2020,07:38:00,08:40:00,1,03,,
12.04.2020,03:03:00,07:31:00,4,46,,
12.04.2020,00:05:00,02:53:00,2,8,,
11.04.2020,08:21:00,09:18:00,0,95,,
11.04.2020,05:01:00,08:11:00,3,17,,
11.04.2020,23:33:00,04:50:00,5,28,,
10.04.2020,05:46:00,09:07:00,3,34,,
10.04.2020,00:07:00,05:36:00,5,48,,
09.04.2020,04:36:00,08:51:00,4,26,,
09.04.2020,03:55:00,04:25:00,0,5,,
09.04.2020,03:31:00,03:45:00,0,23,,
09.04.2020,01:17:00,03:16:00,1,98,,
09.04.2020,00:08:00,00:57:00,0,8,,
08.04.2020,04:15:00,08:35:00,4,33,,
08.04.2020,00:15:00,03:55:00,3,66,,
08.04.2020,23:21:00,00:04:00,0,72,,
07.04.2020,06:45:00,08:50:00,2,08,,
07.04.2020,02:15:00,06:33:00,4,3,,
07.04.2020,01:17:00,02:11:00,0,89,,
06.04.2020,07:20:00,09:55:00,2,57,,
06.04.2020,04:45:00,07:10:00,2,41,,
06.04.2020,03:16:00,04:41:00,1,41,, jedno tlacutko ovlada jrdnu polovicu tela
06.04.2020,01:45:00,03:05:00,1,33,,
06.04.2020,03:04:00,03:04:00,0,,
05.04.2020,09:43:00,10:16:00,0,55,,
05.04.2020,01:15:00,09:00:00,7,75,,
05.04.2020,00:21:00,01:05:00,0,73,,
04.04.2020,02:57:00,09:51:00,6,9,,
04.04.2020,01:48:00,02:44:00,0,92,,
03.04.2020,02:35:00,10:00:00,7,41,,
03.04.2020,01:00:00,01:44:00,0,73,,
02.04.2020,02:01:00,09:25:00,7,4,,
01.04.2020,01:01:00,10:06:00,9,09,,
31.03.2020,09:39:00,09:56:00,0,27,,
31.03.2020,07:23:00,09:28:00,2,08,,
31.03.2020,01:28:00,07:11:00,5,71,,
30.03.2020,04:52:00,09:59:00,5,12,,
30.03.2020,01:55:00,04:42:00,2,77,,
29.03.2020,04:04:00,10:15:00,6,18,,
29.03.2020,03:36:00,03:42:00,0,11,,
29.03.2020,00:57:00,03:25:00,1,47,,
29.03.2020,23:13:00,00:45:00,1,53,,
28.03.2020,08:32:00,09:44:00,1,2,,
28.03.2020,01:24:00,08:21:00,6,95,,
27.03.2020,03:26:00,08:30:00,5,06,,
26.03.2020,08:52:00,09:19:00,0,45,,
26.03.2020,01:14:00,08:32:00,7,3,,
25.03.2020,08:40:00,09:36:00,0,93,,
25.03.2020,05:22:00,08:29:00,3,11,,
25.03.2020,01:10:00,05:12:00,4,03,,
24.03.2020,05:40:00,09:06:00,3,43,,
24.03.2020,01:47:00,05:30:00,3,7,,
23.03.2020,00:22:00,08:38:00,8,26,,
22.03.2020,08:18:00,09:02:00,0,72,,
22.03.2020,00:42:00,07:58:00,7,26,,
21.03.2020,03:32:00,09:55:00,6,38,,
21.03.2020,02:14:00,03:07:00,0,88,,
20.03.2020,23:55:00,08:34:00,8,64,,
19.03.2020,04:21:00,08:30:00,4,15,,
19.03.2020,23:42:00,04:10:00,4,46,,
18.03.2020,08:02:00,09:21:00,1,32,,
18.03.2020,00:32:00,07:50:00,7,3,,
17.03.2020,04:58:00,08:06:00,3,12,,
17.03.2020,23:12:00,04:48:00,5,59,,
16.03.2020,01:08:00,08:30:00,7,36,,
15.03.2020,01:41:00,09:05:00,7,39,,
14.03.2020,03:00:00,08:50:00,5,83,,
13.03.2020,01:42:00,08:34:00,6,86,,
13.03.2020,22:55:00,01:28:00,2,54,,
12.03.2020,05:58:00,08:37:00,2,65,,
12.03.2020,01:29:00,05:44:00,4,25,,
12.03.2020,21:50:00,01:05:00,3,25,,
11.03.2020,02:20:00,09:45:00,7,41,,
10.03.2020,02:29:00,09:04:00,6,58,,
09.03.2020,00:29:00,07:56:00,7,43,,
08.03.2020,03:51:00,09:06:00,5,24,,
08.03.2020,23:46:00,03:41:00,3,91,,
07.03.2020,00:57:00,10:06:00,9,14,,
06.03.2020,09:08:00,10:03:00,0,91,,
06.03.2020,05:38:00,08:30:00,2,86,,
06.03.2020,01:15:00,05:28:00,4,21,,
05.03.2020,04:44:00,08:41:00,3,94,,
05.03.2020,23:56:00,04:28:00,4,53,,
04.03.2020,06:57:00,07:48:00,0,85,,
04.03.2020,00:22:00,06:46:00,6,4,,
03.03.2020,01:14:00,07:40:00,6,43,,
02.03.2020,00:10:00,08:17:00,8,12,,
01.03.2020,00:23:00,09:10:00,8,78,,
29.02.2020,01:25:00,09:54:00,8,48,,
29.02.2020,00:39:00,01:15:00,0,6,,
28.02.2020,00:54:00,08:31:00,7,62,,
27.02.2020,01:19:00,08:51:00,7,52,,
26.02.2020,01:12:00,08:02:00,6,83,,
25.02.2020,00:43:00,07:31:00,6,8,,
24.02.2020,06:17:00,08:30:00,2,21,,
24.02.2020,00:15:00,06:06:00,5,85,,
23.02.2020,00:53:00,08:16:00,7,38,,
22.02.2020,01:23:00,08:54:00,7,51,,
21.02.2020,08:12:00,09:03:00,0,85,,
21.02.2020,00:30:00,08:01:00,7,51,,
20.02.2020,00:01:00,08:50:00,8,8,,
19.02.2020,00:08:00,07:10:00,7,03,,
18.02.2020,06:38:00,07:30:00,0,86,,
18.02.2020,00:00:00,06:24:00,6,38,,
17.02.2020,06:19:00,08:15:00,1,93,,
17.02.2020,04:41:00,06:08:00,1,44,,
17.02.2020,00:11:00,04:11:00,4,,
16.02.2020,07:14:00,08:44:00,1,5,,
16.02.2020,23:43:00,07:01:00,7,29,,
15.02.2020,00:12:00,07:39:00,7,45,,
14.02.2020,06:11:00,09:16:00,3,08,,
14.02.2020,01:29:00,05:50:00,4,35,,
13.02.2020,03:14:00,10:16:00,7,02,,
12.02.2020,02:26:00,09:09:00,6,72,,
11.02.2020,22:47:00,08:28:00,9,68,,
10.02.2020,03:36:00,08:00:00,4,4,,
10.02.2020,01:11:00,03:26:00,2,25,,
09.02.2020,02:04:00,09:40:00,7,6,,
09.02.2020,01:19:00,01:49:00,0,49,,
08.02.2020,06:23:00,09:20:00,2,94,,
08.02.2020,05:15:00,06:13:00,0,95,,
08.02.2020,04:46:00,05:05:00,0,31,,
08.02.2020,00:05:00,04:29:00,4,4,,
07.02.2020,04:48:00,08:30:00,3,69,,
07.02.2020,03:36:00,04:36:00,0,99,,
07.02.2020,22:29:00,03:19:00,4,83,,
06.02.2020,06:14:00,09:41:00,3,45,,
06.02.2020,01:24:00,05:58:00,4,57,,
05.02.2020,02:56:00,09:32:00,6,6,,
04.02.2020,01:47:00,08:54:00,7,12,,
03.02.2020,02:33:00,09:24:00,6,84,,
02.02.2020,01:33:00,09:41:00,8,13,,
01.02.2020,01:03:00,08:12:00,7,15,,
31.01.2020,06:53:00,08:44:00,1,84,,
31.01.2020,05:30:00,06:37:00,1,11,,
31.01.2020,01:20:00,05:14:00,3,9,,
31.01.2020,23:49:00,01:11:00,1,37,,
30.01.2020,04:48:00,08:45:00,3,93,,
30.01.2020,00:18:00,04:38:00,4,33,,
29.01.2020,09:10:00,10:06:00,0,94,,
29.01.2020,01:23:00,08:39:00,7,26,,
28.01.2020,06:26:00,09:05:00,2,64,,
28.01.2020,05:31:00,06:15:00,0,73,,
28.01.2020,04:16:00,05:21:00,1,07,,
28.01.2020,23:46:00,04:06:00,4,33,,
27.01.2020,07:21:00,08:15:00,0,9,,
27.01.2020,07:02:00,07:10:00,0,12,,
27.01.2020,00:03:00,06:51:00,6,8,, gympl mel vytah. Tomasovi sem drzal palce pri sutaxi a slo mu to dobre. Terka mi rub my back
26.01.2020,02:51:00,08:50:00,5,99,,
25.01.2020,00:46:00,08:55:00,8,15,,
24.01.2020,00:42:00,08:45:00,8,05,,
23.01.2020,00:18:00,07:43:00,7,41,,
22.01.2020,00:52:00,08:50:00,7,96,,
21.01.2020,07:30:00,08:34:00,1,06,,
21.01.2020,00:45:00,07:28:00,6,7,,
20.01.2020,00:49:00,08:53:00,8,05,,
19.01.2020,02:13:00,08:04:00,5,85,,
19.01.2020,22:51:00,02:01:00,3,16,,
18.01.2020,00:18:00,08:52:00,8,56,,
17.01.2020,23:17:00,07:15:00,7,96,,
16.01.2020,00:21:00,08:39:00,8,29,,
15.01.2020,07:45:00,08:59:00,1,23,,
15.01.2020,23:31:00,07:28:00,7,94,,
14.01.2020,23:48:00,06:55:00,7,11,,
13.01.2020,23:46:00,08:36:00,8,82,,
12.01.2020,07:57:00,09:00:00,1,05,,
12.01.2020,00:04:00,07:47:00,7,72,,
11.01.2020,04:51:00,08:32:00,3,68,,
11.01.2020,23:13:00,04:36:00,5,37,,
10.01.2020,00:58:00,09:08:00,8,17,,
09.01.2020,11:20:00,12:00:00,0,66,,
09.01.2020,00:51:00,07:30:00,6,65,,
08.01.2020,00:31:00,08:51:00,8,34,,
07.01.2020,06:45:00,07:30:00,0,75,,
07.01.2020,00:08:00,06:35:00,6,44,,
06.01.2020,01:40:00,07:10:00,5,5,,
05.01.2020,04:29:00,08:05:00,3,61,,
05.01.2020,00:07:00,04:05:00,3,96,,
04.01.2020,23:49:00,08:00:00,8,17,,
03.01.2020,04:51:00,09:13:00,4,37,,
03.01.2020,00:02:00,04:33:00,4,51,,
02.01.2020,23:46:00,09:59:00,10,2,,
01.01.2020,03:29:00,10:46:00,7,29,,
31.12.2019,01:23:00,10:11:00,8,81,,
30.12.2019,06:02:00,08:32:00,2,5,,
30.12.2019,00:34:00,05:47:00,5,2,,
29.12.2019,16:06:00,16:33:00,0,43,,
29.12.2019,07:03:00,09:00:00,1,95,,
29.12.2019,00:23:00,06:52:00,6,48,,
28.12.2019,02:09:00,08:25:00,6,26,,
28.12.2019,23:54:00,02:24:00,2,49,,
27.12.2019,04:19:00,08:13:00,3,9,,
27.12.2019,23:23:00,04:09:00,4,76,,
26.12.2019,00:13:00,09:13:00,9,,
25.12.2019,02:12:00,08:32:00,6,33,,
25.12.2019,23:46:00,02:02:00,2,26,,
24.12.2019,06:56:00,08:56:00,2,,
24.12.2019,02:07:00,06:46:00,4,63,,
23.12.2019,07:25:00,09:19:00,1,9,,
23.12.2019,00:11:00,07:15:00,7,06,,
22.12.2019,03:41:00,08:57:00,5,26,,
22.12.2019,00:10:00,03:19:00,3,15,,
22.12.2019,23:28:00,00:00:00,0,52,,
21.12.2019,06:51:00,09:18:00,2,45,,
21.12.2019,00:29:00,06:37:00,6,13,,
20.12.2019,02:01:00,09:03:00,7,02,,
19.12.2019,11:18:00,11:50:00,0,53,,
19.12.2019,01:33:00,07:29:00,5,92,,
18.12.2019,10:05:00,11:10:00,1,08,,
18.12.2019,06:05:00,07:20:00,1,25,,
18.12.2019,00:26:00,05:55:00,5,47,,
17.12.2019,23:09:00,07:28:00,8,32,,
16.12.2019,01:05:00,07:10:00,6,08,,
15.12.2019,04:19:00,08:43:00,4,39,,
15.12.2019,00:05:00,04:09:00,4,06,,
14.12.2019,07:56:00,08:30:00,0,56,,
14.12.2019,22:10:00,07:35:00,9,41,,
13.12.2019,09:15:00,09:47:00,0,53,,
13.12.2019,06:40:00,08:45:00,2,08,,
13.12.2019,05:30:00,06:23:00,0,87,,
13.12.2019,00:55:00,05:14:00,4,31,,
12.12.2019,11:14:00,11:50:00,0,6,,
12.12.2019,00:44:00,07:29:00,6,75,,
11.12.2019,10:42:00,11:50:00,1,12,,
11.12.2019,00:51:00,07:28:00,6,61,,
10.12.2019,01:05:00,07:33:00,6,46,,
09.12.2019,01:03:00,07:10:00,6,11,,
08.12.2019,08:00:00,08:51:00,0,85,,
08.12.2019,00:40:00,07:50:00,7,15,,
07.12.2019,13:18:00,13:51:00,0,54,,
07.12.2019,08:25:00,09:10:00,0,75,,
07.12.2019,00:51:00,08:13:00,7,36,,
06.12.2019,07:46:00,08:51:00,1,07,,
06.12.2019,22:44:00,07:33:00,8,8,,
05.12.2019,18:19:00,18:38:00,0,32,,
05.12.2019,11:20:00,11:50:00,0,5,,
05.12.2019,23:41:00,07:28:00,7,77,,
04.12.2019,11:20:00,11:55:00,0,58,,
04.12.2019,00:59:00,07:36:00,6,61,,
03.12.2019,00:10:00,07:30:00,7,33,,
02.12.2019,18:19:00,19:33:00,1,22,,
02.12.2019,00:52:00,07:12:00,6,33,,
01.12.2019,08:01:00,08:41:00,0,67,,
01.12.2019,01:00:00,07:51:00,6,84,,
30.11.2019,07:18:00,09:14:00,1,94,,
30.11.2019,01:03:00,07:08:00,6,07,,
29.11.2019,07:20:00,08:38:00,1,3,,
29.11.2019,23:34:00,07:19:00,7,75,,
28.11.2019,07:08:00,07:24:00,0,26,,
28.11.2019,23:46:00,06:56:00,7,16,,
27.11.2019,14:47:00,15:20:00,0,55,,
27.11.2019,22:47:00,07:29:00,8,69,,
26.11.2019,11:21:00,11:56:00,0,59,,
26.11.2019,23:21:00,07:15:00,7,89,,
25.11.2019,01:07:00,07:10:00,6,05,,
24.11.2019,23:58:00,09:00:00,9,03,,
23.11.2019,23:45:00,07:00:00,7,25,,
22.11.2019,07:21:00,08:44:00,1,38,,
22.11.2019,23:49:00,07:11:00,7,36,,
21.11.2019,11:21:00,11:55:00,0,56,,
21.11.2019,00:36:00,07:21:00,6,73,,
20.11.2019,11:10:00,11:45:00,0,58,,
20.11.2019,00:35:00,07:20:00,6,74,,
19.11.2019,23:53:00,07:12:00,7,32,,
18.11.2019,04:19:00,07:12:00,2,88,,
18.11.2019,23:13:00,04:08:00,4,93,,
17.11.2019,08:01:00,09:55:00,1,89,,
17.11.2019,23:39:00,07:49:00,8,17,,
16.11.2019,08:50:00,09:30:00,0,66,,
16.11.2019,23:18:00,07:42:00,8,4,,
15.11.2019,07:31:00,08:41:00,1,16,,
15.11.2019,23:30:00,07:15:00,7,75,,
14.11.2019,00:17:00,07:07:00,6,83,,
13.11.2019,22:44:00,06:48:00,8,07,,
12.11.2019,01:16:00,07:01:00,5,75,,
12.11.2019,23:13:00,01:05:00,1,87,,
11.11.2019,22:44:00,07:01:00,8,28,,
10.11.2019,04:55:00,08:16:00,3,35,,
10.11.2019,23:58:00,04:45:00,4,78,,
09.11.2019,08:51:00,09:26:00,0,57,,
09.11.2019,01:08:00,08:41:00,7,55,,
08.11.2019,23:57:00,06:25:00,6,46,,
07.11.2019,06:31:00,07:04:00,0,54,,
07.11.2019,23:39:00,06:21:00,6,69,,
06.11.2019,23:10:00,07:00:00,7,83,,
05.11.2019,00:58:00,07:12:00,6,22,,
04.11.2019,06:00:00,07:00:00,1,,
04.11.2019,23:56:00,05:58:00,6,03,,
03.11.2019,00:41:00,08:39:00,7,97,,
02.11.2019,00:11:00,08:08:00,7,95,,
01.11.2019,07:16:00,08:13:00,0,95,,
01.11.2019,23:41:00,07:06:00,7,43,,
31.10.2019,06:40:00,07:00:00,0,33,,
31.10.2019,02:46:00,06:30:00,3,73,,
31.10.2019,23:25:00,02:38:00,3,22,,
30.10.2019,22:56:00,07:00:00,8,06,,
29.10.2019,06:11:00,07:00:00,0,81,,
29.10.2019,23:23:00,06:00:00,6,61,,
28.10.2019,22:55:00,06:53:00,7,95,,
27.10.2019,06:14:00,07:50:00,1,59,,
27.10.2019,23:20:00,06:02:00,7,7,,
26.10.2019,05:22:00,08:37:00,3,25,,
26.10.2019,23:16:00,05:14:00,5,96,,
25.10.2019,23:35:00,07:01:00,7,43,,
24.10.2019,07:34:00,09:35:00,2,01,,
24.10.2019,23:44:00,07:24:00,7,67,,
23.10.2019,00:05:00,07:00:00,6,91,,
22.10.2019,23:24:00,07:00:00,7,59,,
21.10.2019,05:49:00,07:03:00,1,23,, interakcia s Timkju
21.10.2019,23:23:00,05:33:00,6,16,,
20.10.2019,03:47:00,07:37:00,3,83,,
20.10.2019,23:22:00,03:37:00,4,25,,
19.10.2019,07:32:00,08:38:00,1,09,,
19.10.2019,21:30:00,07:17:00,9,79,,
18.10.2019,06:50:00,07:00:00,0,16,,
18.10.2019,23:01:00,06:34:00,7,56,,
17.10.2019,22:59:00,06:55:00,7,93,,
16.10.2019,23:29:00,07:01:00,7,53,,
15.10.2019,06:52:00,07:00:00,0,13,,
15.10.2019,23:34:00,06:41:00,7,11,,
14.10.2019,23:13:00,07:00:00,7,79,,
13.10.2019,07:26:00,08:51:00,1,4,,
13.10.2019,23:04:00,07:14:00,8,16,,
12.10.2019,06:11:00,08:09:00,1,97,,
12.10.2019,22:21:00,06:01:00,7,66,,
11.10.2019,06:16:00,08:20:00,2,06,,
11.10.2019,23:28:00,06:06:00,6,63,,
10.10.2019,02:25:00,06:52:00,4,45,,
10.10.2019,22:11:00,02:14:00,4,05,,
09.10.2019,23:54:00,07:00:00,7,1,,
08.10.2019,05:12:00,07:01:00,1,81,,
08.10.2019,22:59:00,05:01:00,6,03,,
07.10.2019,23:17:00,07:00:00,7,7,,
06.10.2019,08:05:00,09:24:00,1,31,,
06.10.2019,00:42:00,08:00:00,7,3,,
05.10.2019,08:03:00,09:05:00,1,03,,
05.10.2019,23:52:00,07:49:00,7,95,,
04.10.2019,06:50:00,08:45:00,1,91,,
04.10.2019,23:42:00,06:30:00,6,8,,
03.10.2019,23:32:00,06:36:00,7,06,,
02.10.2019,23:40:00,07:01:00,7,34,,
01.10.2019,02:10:00,07:00:00,4,83,,
01.10.2019,23:15:00,01:55:00,2,66,,
30.09.2019,22:20:00,07:06:00,8,76,,
29.09.2019,03:55:00,07:23:00,3,46,,
29.09.2019,01:15:00,03:48:00,2,55,,
29.09.2019,21:36:00,01:01:00,3,41,,
28.09.2019,13:42:00,14:22:00,0,65,,
28.09.2019,22:46:00,08:03:00,9,27,,
27.09.2019,07:55:00,08:15:00,0,33,,
27.09.2019,22:10:00,07:48:00,9,63,,
26.09.2019,00:13:00,06:00:00,5,78,,
25.09.2019,22:21:00,07:01:00,8,66,,
24.09.2019,22:52:00,07:06:00,8,23,,
23.09.2019,03:48:00,07:00:00,3,19,,
23.09.2019,23:16:00,03:38:00,4,36,,
22.09.2019,22:52:00,07:02:00,8,16,,
21.09.2019,07:29:00,07:51:00,0,36,,
21.09.2019,03:35:00,07:18:00,3,72,,
21.09.2019,22:00:00,03:24:00,5,4,,
20.09.2019,06:08:00,06:45:00,0,61,,
20.09.2019,22:26:00,05:58:00,7,53,,
19.09.2019,21:27:00,06:31:00,9,05,,
18.09.2019,06:33:00,06:45:00,0,2,,
18.09.2019,22:21:00,06:17:00,7,94,,
17.09.2019,03:29:00,06:46:00,3,27,,
17.09.2019,22:07:00,03:19:00,5,19,,
16.09.2019,23:48:00,06:45:00,6,95,,
15.09.2019,04:49:00,07:36:00,2,79,,
15.09.2019,22:31:00,04:37:00,6,1,,
14.09.2019,07:05:00,07:50:00,0,75,,
14.09.2019,02:02:00,07:48:00,5,76,,
14.09.2019,22:16:00,01:49:00,3,54,,
13.09.2019,22:43:00,07:00:00,8,28,,
12.09.2019,23:14:00,06:47:00,7,55,,
11.09.2019,22:42:00,07:08:00,8,43,,
10.09.2019,07:16:00,08:41:00,1,42,,
10.09.2019,22:24:00,06:55:00,8,51,,
09.09.2019,22:42:00,07:05:00,8,38,,
08.09.2019,22:48:00,05:06:00,6,3,,
07.09.2019,22:06:00,22:38:00,0,53,,
07.09.2019,04:44:00,08:14:00,3,49,,
07.09.2019,00:07:00,04:34:00,4,45,,
06.09.2019,00:02:00,08:17:00,8,25,,
05.09.2019,05:03:00,08:19:00,3,26,,
05.09.2019,00:06:00,04:49:00,4,7,,
04.09.2019,06:38:00,08:27:00,1,82,,
04.09.2019,23:15:00,06:21:00,7,1,,
03.09.2019,08:20:00,09:00:00,0,66,,
03.09.2019,00:16:00,08:02:00,7,76,,
02.09.2019,23:28:00,07:57:00,8,48,,
01.09.2019,23:54:00,07:55:00,8,02,,
31.08.2019,07:44:00,08:29:00,0,75,,
31.08.2019,03:23:00,07:25:00,4,03,,
31.08.2019,23:20:00,03:13:00,3,89,,
30.08.2019,02:58:00,07:47:00,4,81,,
30.08.2019,22:36:00,02:36:00,4,,
29.08.2019,02:15:00,07:44:00,5,47,,
29.08.2019,22:20:00,02:04:00,3,73,,
28.08.2019,23:30:00,06:26:00,6,93,,
27.08.2019,03:55:00,06:17:00,2,35,,
27.08.2019,01:47:00,03:42:00,1,91,,
27.08.2019,22:37:00,01:30:00,2,88,,
26.08.2019,02:34:00,08:25:00,5,84,,
26.08.2019,23:19:00,02:24:00,3,09,,
25.08.2019,03:59:00,09:42:00,5,7,,
25.08.2019,00:45:00,03:36:00,2,85,,
24.08.2019,04:53:00,09:34:00,4,68,,
24.08.2019,01:00:00,04:42:00,3,7,,
23.08.2019,00:35:00,09:06:00,8,51,,
23.08.2019,23:37:00,00:23:00,0,76,,
22.08.2019,08:30:00,09:29:00,0,98,,
22.08.2019,00:06:00,08:20:00,8,22,,
21.08.2019,00:42:00,09:14:00,8,52,,
20.08.2019,00:49:00,09:26:00,8,61,,
19.08.2019,00:22:00,09:05:00,8,71,,
18.08.2019,00:10:00,08:54:00,8,74,,
17.08.2019,05:10:00,08:11:00,3,01,,
17.08.2019,23:47:00,04:59:00,5,2,,
16.08.2019,23:17:00,07:16:00,7,98,,
15.08.2019,08:45:00,10:12:00,1,45,,
15.08.2019,01:35:00,08:32:00,6,95,,
14.08.2019,07:40:00,08:31:00,0,86,,
14.08.2019,01:21:00,07:25:00,6,06,,
14.08.2019,22:27:00,01:08:00,2,67,,
13.08.2019,00:29:00,08:04:00,7,57,,
12.08.2019,07:13:00,07:28:00,0,23,,
12.08.2019,00:19:00,07:03:00,6,74,,
11.08.2019,02:49:00,09:19:00,6,49,,
11.08.2019,22:37:00,02:34:00,3,94,,
10.08.2019,04:04:00,07:58:00,3,9,,
09.08.2019,12:55:00,13:32:00,0,61,,
09.08.2019,03:58:00,09:16:00,5,28,,
08.08.2019,01:50:00,07:48:00,5,96,,
08.08.2019,22:44:00,01:32:00,2,79,,
07.08.2019,02:13:00,07:06:00,4,88,,
07.08.2019,00:54:00,01:55:00,1,01,,
06.08.2019,00:22:00,06:59:00,6,63,,
05.08.2019,00:42:00,07:45:00,7,04,,
04.08.2019,22:54:00,07:29:00,8,57,,
03.08.2019,04:25:00,09:31:00,5,1,,
03.08.2019,00:39:00,01:53:00,1,23,,
03.08.2019,22:59:00,00:29:00,1,49,,
02.08.2019,22:18:00,22:49:00,0,51,,
02.08.2019,01:37:00,07:47:00,6,16,,
01.08.2019,01:22:00,07:47:00,6,41,,
31.07.2019,01:00:00,07:14:00,6,23,,
30.07.2019,23:23:00,07:46:00,8,38,,
29.07.2019,01:29:00,07:45:00,6,25,,
28.07.2019,02:14:00,08:16:00,6,02,,
28.07.2019,23:28:00,00:31:00,1,05,,
27.07.2019,08:40:00,09:34:00,0,89,,
27.07.2019,03:31:00,05:23:00,1,86,,
27.07.2019,01:58:00,03:10:00,1,2,,
27.07.2019,00:29:00,01:45:00,1,26,,
26.07.2019,05:43:00,09:30:00,3,78,,
26.07.2019,23:57:00,05:33:00,5,59,,
25.07.2019,23:43:00,08:44:00,9,,
24.07.2019,03:21:00,08:00:00,4,64,,
24.07.2019,00:19:00,03:11:00,2,87,,
23.07.2019,06:30:00,08:27:00,1,95,,
23.07.2019,23:46:00,06:16:00,6,5,,
22.07.2019,08:26:00,10:20:00,1,9,,
22.07.2019,04:42:00,08:12:00,3,51,,
22.07.2019,01:51:00,03:48:00,1,94,,
22.07.2019,23:14:00,01:38:00,2,39,, satkj a tricka
21.07.2019,23:46:00,09:00:00,9,22,,
20.07.2019,00:51:00,08:15:00,7,4,,
20.07.2019,23:06:00,00:37:00,1,51,,
19.07.2019,19:11:00,21:20:00,2,14,,
19.07.2019,02:55:00,06:41:00,3,76,,
18.07.2019,08:52:00,10:12:00,1,33,,
18.07.2019,02:44:00,08:24:00,5,66,,
17.07.2019,03:51:00,08:01:00,4,16,,
17.07.2019,00:19:00,03:41:00,3,37,,
16.07.2019,08:05:00,10:28:00,2,38,,
16.07.2019,07:42:00,08:02:00,0,32,,
16.07.2019,01:38:00,07:24:00,5,75,,
15.07.2019,00:53:00,08:05:00,7,19,,
14.07.2019,02:11:00,09:08:00,6,95,,
13.07.2019,01:56:00,09:25:00,7,48,,
12.07.2019,09:05:00,10:05:00,1,,
12.07.2019,02:15:00,08:41:00,6,43,,
11.07.2019,02:23:00,09:05:00,6,7,,
10.07.2019,00:46:00,07:54:00,7,13,,
09.07.2019,01:14:00,08:01:00,6,78,,
08.07.2019,00:45:00,07:45:00,7,,
07.07.2019,02:32:00,09:06:00,6,56,,
07.07.2019,23:32:00,02:17:00,2,75,,
06.07.2019,05:43:00,08:21:00,2,63,,
06.07.2019,23:15:00,05:23:00,6,13,,
05.07.2019,06:01:00,08:40:00,2,65,,
05.07.2019,00:12:00,05:40:00,5,46,,
04.07.2019,23:00:00,23:56:00,0,94,,
04.07.2019,06:30:00,06:45:00,0,24,,
04.07.2019,23:44:00,06:16:00,6,54,,
03.07.2019,22:11:00,23:16:00,1,08,,
03.07.2019,11:44:00,14:32:00,2,79,,
03.07.2019,07:19:00,11:21:00,4,03,,
03.07.2019,23:45:00,00:57:00,1,2,,
02.07.2019,03:10:00,06:51:00,3,68,,
01.07.2019,00:27:00,06:21:00,5,9,,
30.06.2019,14:39:00,14:55:00,0,26,,
30.06.2019,07:38:00,08:00:00,0,36,,
30.06.2019,03:28:00,06:28:00,3,,
30.06.2019,01:40:00,02:25:00,0,75,,
29.06.2019,00:16:00,08:13:00,7,95,,
28.06.2019,05:51:00,09:11:00,3,33,,
28.06.2019,01:55:00,05:38:00,3,7,,
28.06.2019,23:31:00,01:41:00,2,15,,
27.06.2019,02:09:00,05:02:00,2,89,,
27.06.2019,22:28:00,01:46:00,3,3,,
26.06.2019,03:16:00,07:16:00,4,,
26.06.2019,23:45:00,02:49:00,3,06,,
25.06.2019,05:04:00,07:59:00,2,91,,
25.06.2019,01:50:00,04:52:00,3,02,,
25.06.2019,23:49:00,01:31:00,1,7,,
24.06.2019,05:05:00,07:58:00,2,88,,
24.06.2019,22:48:00,04:43:00,5,91,,
23.06.2019,08:09:00,08:50:00,0,68,,
23.06.2019,03:36:00,08:01:00,4,4,,
23.06.2019,01:36:00,03:13:00,1,61,,
23.06.2019,23:37:00,01:21:00,1,74,,
22.06.2019,07:09:00,08:01:00,0,87,,
22.06.2019,22:34:00,06:59:00,8,41,,
21.06.2019,17:50:00,18:25:00,0,58,,
21.06.2019,06:17:00,06:52:00,0,58,,
21.06.2019,00:54:00,05:50:00,4,94,,
21.06.2019,21:44:00,00:43:00,2,98,,
20.06.2019,22:17:00,05:55:00,7,63,,
19.06.2019,05:55:00,08:33:00,2,63,,
19.06.2019,02:02:00,05:45:00,3,72,,
19.06.2019,22:25:00,01:41:00,3,25,,
18.06.2019,03:31:00,09:21:00,5,83,,
17.06.2019,03:34:00,09:20:00,5,76,,
17.06.2019,23:42:00,02:51:00,3,14,,
16.06.2019,06:49:00,08:15:00,1,42,,
16.06.2019,02:01:00,06:37:00,4,59,,
16.06.2019,22:43:00,01:42:00,2,98,,
15.06.2019,04:05:00,08:23:00,4,3,,
15.06.2019,23:53:00,03:56:00,4,05,,
14.06.2019,05:16:00,09:11:00,3,92,,
14.06.2019,00:12:00,05:06:00,4,89,,
13.06.2019,03:55:00,08:21:00,4,44,,
13.06.2019,23:08:00,03:39:00,4,5,,
12.06.2019,07:55:00,08:20:00,0,41,,
12.06.2019,01:40:00,07:12:00,5,53,,
12.06.2019,22:43:00,01:30:00,2,78,,
11.06.2019,01:20:00,07:49:00,6,47,,
11.06.2019,22:59:00,01:03:00,2,06,,
10.06.2019,04:53:00,07:47:00,2,9,,
10.06.2019,22:58:00,04:43:00,5,73,,
09.06.2019,22:56:00,08:40:00,9,73,,
08.06.2019,04:03:00,07:34:00,3,51,,
08.06.2019,01:34:00,03:52:00,2,3,,
08.06.2019,22:23:00,00:57:00,2,57,,
07.06.2019,02:23:00,06:17:00,3,9,,
07.06.2019,01:08:00,02:09:00,1,02,,
07.06.2019,22:06:00,00:58:00,2,85,,
06.06.2019,06:53:00,07:38:00,0,74,,
06.06.2019,03:30:00,06:43:00,3,2,,
06.06.2019,23:17:00,03:20:00,4,05,,
05.06.2019,06:07:00,06:34:00,0,44,,
05.06.2019,02:44:00,05:57:00,3,21,,
05.06.2019,22:52:00,02:24:00,3,53,, na gympli hr a se decka strasili prakticky naganacka se superpower
04.06.2019,02:58:00,08:26:00,5,46,,
04.06.2019,23:53:00,02:36:00,2,7,,
03.06.2019,04:01:00,08:11:00,4,17,,
03.06.2019,00:31:00,03:22:00,2,84,,
02.06.2019,05:41:00,08:25:00,2,73,,
02.06.2019,23:57:00,04:49:00,4,85,,
01.06.2019,03:57:00,09:41:00,5,74,,
01.06.2019,00:48:00,03:41:00,2,88,,
31.05.2019,02:36:00,08:30:00,5,9,,
31.05.2019,23:30:00,02:20:00,2,82,,
30.05.2019,05:49:00,08:31:00,2,69,,
30.05.2019,00:44:00,05:39:00,4,9,,
29.05.2019,06:29:00,07:59:00,1,5,, timea
29.05.2019,02:39:00,06:00:00,3,34,,
29.05.2019,23:26:00,02:27:00,3,01,, presel s bim kratke bludiskt VR
28.05.2019,04:34:00,08:12:00,3,63,,
28.05.2019,23:35:00,04:22:00,4,78,,
27.05.2019,07:10:00,09:35:00,2,41,,
27.05.2019,04:35:00,06:59:00,2,4,,
27.05.2019,02:42:00,04:24:00,1,7,,
27.05.2019,00:16:00,02:29:00,2,2,,
26.05.2019,03:00:00,07:49:00,4,81,,
26.05.2019,02:03:00,02:42:00,0,64,,
26.05.2019,01:06:00,01:42:00,0,59,,
26.05.2019,22:43:00,00:30:00,1,78,,
25.05.2019,06:18:00,08:10:00,1,86,,
25.05.2019,22:53:00,06:06:00,7,21,,
24.05.2019,21:33:00,22:40:00,1,11,,
24.05.2019,00:01:00,06:15:00,6,23,,
23.05.2019,07:01:00,07:17:00,0,27,,
23.05.2019,22:58:00,06:47:00,7,81,,
22.05.2019,06:48:00,07:20:00,0,53,,
22.05.2019,00:57:00,06:38:00,5,67,,
22.05.2019,00:10:00,00:40:00,0,5,,
22.05.2019,21:33:00,00:02:00,2,48,,
21.05.2019,01:48:00,07:01:00,5,22,,
21.05.2019,22:03:00,01:34:00,3,51,,
20.05.2019,01:05:00,07:17:00,6,2,,
20.05.2019,22:35:00,00:48:00,2,21,,
19.05.2019,04:24:00,07:55:00,3,51,,
19.05.2019,23:40:00,04:14:00,4,56,,
18.05.2019,04:08:00,08:51:00,4,71,,
18.05.2019,22:17:00,03:00:00,4,71,,
17.05.2019,05:58:00,09:07:00,3,14,,
17.05.2019,01:48:00,05:48:00,4,,
17.05.2019,00:41:00,01:39:00,0,98,,
17.05.2019,23:20:00,00:24:00,1,06,,
16.05.2019,05:30:00,08:53:00,3,38,,
16.05.2019,01:52:00,05:20:00,3,46,,
16.05.2019,23:01:00,01:32:00,2,51,,
15.05.2019,03:51:00,09:11:00,5,33,,
15.05.2019,01:16:00,03:38:00,2,37,,
14.05.2019,03:02:00,09:12:00,6,15,,
14.05.2019,01:56:00,02:28:00,0,53,, mysel sem ho zabut
14.05.2019,23:21:00,01:44:00,2,37,,
13.05.2019,07:55:00,09:08:00,1,22,,
13.05.2019,03:17:00,07:43:00,4,43,,
13.05.2019,01:47:00,03:02:00,1,26,,
13.05.2019,23:16:00,01:34:00,2,3,,
12.05.2019,08:26:00,09:35:00,1,15,,
12.05.2019,01:55:00,07:57:00,6,03,,
12.05.2019,22:59:00,01:46:00,2,79,,
11.05.2019,00:02:00,09:28:00,9,42,,
10.05.2019,01:33:00,06:17:00,4,72,,
10.05.2019,22:15:00,01:04:00,2,82,,
09.05.2019,02:27:00,06:17:00,3,83,,
09.05.2019,00:08:00,02:15:00,2,11,,
09.05.2019,21:34:00,00:02:00,2,46,,
08.05.2019,00:38:00,08:53:00,8,24,,
08.05.2019,22:40:00,00:05:00,1,4,,
07.05.2019,00:09:00,06:20:00,6,17,,
07.05.2019,21:19:00,00:04:00,2,75,,
07.05.2019,21:50:00,00:01:00,2,18,,
06.05.2019,02:35:00,08:36:00,6,01,,
06.05.2019,01:38:00,02:20:00,0,69,,
06.05.2019,00:12:00,01:28:00,1,26,,
06.05.2019,21:54:00,00:02:00,2,13,,
05.05.2019,04:21:00,07:35:00,3,23,,
05.05.2019,22:42:00,04:02:00,5,33,,
04.05.2019,01:52:00,06:32:00,4,67,,
04.05.2019,22:55:00,01:41:00,2,76,,
03.05.2019,03:23:00,06:18:00,2,91,,
03.05.2019,21:44:00,03:10:00,5,43,,
02.05.2019,00:43:00,06:17:00,5,56,,
02.05.2019,21:54:00,00:33:00,2,63,,
01.05.2019,06:57:00,08:38:00,1,68,,
01.05.2019,00:56:00,06:47:00,5,84,,
01.05.2019,22:33:00,00:46:00,2,22,,
30.04.2019,05:48:00,06:26:00,0,62,,
30.04.2019,03:09:00,05:38:00,2,48,,
30.04.2019,22:42:00,02:52:00,4,17,,
29.04.2019,00:24:00,06:17:00,5,89,,
28.04.2019,22:49:00,08:07:00,9,3,,
27.04.2019,00:42:00,08:55:00,8,21,,
27.04.2019,23:43:00,00:31:00,0,78,,
26.04.2019,02:52:00,06:18:00,3,43,,
26.04.2019,22:13:00,02:42:00,4,47,,
25.04.2019,02:50:00,06:17:00,3,44,,
25.04.2019,01:22:00,02:37:00,1,25,,
25.04.2019,22:09:00,00:44:00,2,57,,
24.04.2019,22:10:00,06:17:00,8,12,,
23.04.2019,01:14:00,08:00:00,6,75,,
23.04.2019,22:31:00,00:59:00,2,47,,
22.04.2019,07:22:00,08:19:00,0,94,,
22.04.2019,00:22:00,07:14:00,6,86,,
22.04.2019,22:20:00,00:08:00,1,79,,
21.04.2019,07:23:00,08:40:00,1,28,,
21.04.2019,22:29:00,07:16:00,8,78,,
20.04.2019,07:02:00,08:02:00,1,,
20.04.2019,03:24:00,06:54:00,3,5,,
20.04.2019,23:01:00,03:03:00,4,04,,
19.04.2019,01:14:00,08:23:00,7,14,,
19.04.2019,22:24:00,01:09:00,2,75,,
18.04.2019,03:49:00,07:07:00,3,28,,
18.04.2019,22:06:00,03:42:00,5,6,,
17.04.2019,04:00:00,06:19:00,2,31,,
17.04.2019,00:19:00,03:56:00,3,61,,
17.04.2019,21:27:00,00:12:00,2,75,,
16.04.2019,22:52:00,06:17:00,7,42,,
15.04.2019,05:39:00,07:22:00,1,72,,
15.04.2019,21:20:00,05:33:00,8,21,,
14.04.2019,00:42:00,08:13:00,7,5,,
14.04.2019,21:56:00,00:37:00,2,68,,
13.04.2019,22:39:00,07:20:00,8,67,,
12.04.2019,03:58:00,06:17:00,2,32,,
12.04.2019,21:45:00,03:52:00,6,12,,
11.04.2019,03:08:00,06:17:00,3,14,,
11.04.2019,02:24:00,03:02:00,0,63,,
11.04.2019,21:08:00,02:19:00,5,18,,
10.04.2019,21:00:00,06:10:00,9,16,,
09.04.2019,21:45:00,06:20:00,8,58,,
08.04.2019,22:35:00,06:30:00,7,91,,
07.04.2019,23:54:00,08:07:00,8,21,,
06.04.2019,22:26:00,07:35:00,9,15,,
05.04.2019,01:52:00,06:18:00,4,44,,
05.04.2019,21:51:00,01:42:00,3,84,,
04.04.2019,04:50:00,06:15:00,1,41,,
04.04.2019,21:49:00,04:44:00,6,9,,
03.04.2019,22:57:00,06:20:00,7,38,,
02.04.2019,22:24:00,06:18:00,7,9,,
01.04.2019,22:30:00,06:17:00,7,78,,
31.03.2019,22:38:00,08:00:00,8,36,,
30.03.2019,00:18:00,07:50:00,7,53,,
30.03.2019,22:35:00,00:13:00,1,63,,
29.03.2019,22:35:00,06:18:00,7,71,,
28.03.2019,06:25:00,08:05:00,1,66,,
28.03.2019,22:03:00,06:16:00,8,21,,
27.03.2019,03:10:00,06:32:00,3,35,,
27.03.2019,01:13:00,02:58:00,1,74,,
27.03.2019,22:18:00,01:06:00,2,81,,
26.03.2019,03:26:00,06:29:00,3,04,,
26.03.2019,22:06:00,03:20:00,5,22,,
25.03.2019,21:53:00,06:31:00,8,63,,
24.03.2019,04:18:00,08:22:00,4,06,,
24.03.2019,22:51:00,04:08:00,5,26,,
23.03.2019,06:48:00,07:49:00,1,,
23.03.2019,01:42:00,06:35:00,4,88,,
23.03.2019,22:36:00,01:30:00,2,89,,
22.03.2019,00:32:00,06:20:00,5,8,,
22.03.2019,22:05:00,00:23:00,2,29,,
21.03.2019,22:26:00,06:30:00,8,06,,
20.03.2019,01:43:00,06:31:00,4,8,,
20.03.2019,01:00:00,01:32:00,0,53,,
20.03.2019,22:00:00,00:53:00,2,87,,
19.03.2019,02:05:00,06:30:00,4,41,,
19.03.2019,22:58:00,01:58:00,3,,
18.03.2019,22:51:00,06:32:00,7,68,,
17.03.2019,23:29:00,07:30:00,8,01,,
16.03.2019,05:28:00,07:16:00,1,8,,
16.03.2019,22:21:00,05:20:00,6,99,,
15.03.2019,22:30:00,06:23:00,7,88,,
14.03.2019,06:20:00,07:00:00,0,66,,
14.03.2019,21:54:00,05:46:00,7,85,,
13.03.2019,22:31:00,06:20:00,7,81,,
12.03.2019,02:10:00,06:55:00,4,75,,
12.03.2019,21:10:00,02:01:00,4,85,,
11.03.2019,21:52:00,06:21:00,8,48,,
10.03.2019,20:37:00,06:45:00,10,1,,
09.03.2019,21:10:00,07:38:00,10,4,,
08.03.2019,21:51:00,06:29:00,8,63,,
07.03.2019,21:25:00,06:25:00,9,,
06.03.2019,21:10:00,06:15:00,9,08,,
05.03.2019,21:29:00,06:30:00,9,01,,
04.03.2019,00:26:00,06:31:00,6,08,,
03.03.2019,01:31:00,08:55:00,7,39,,
03.03.2019,23:15:00,01:04:00,1,81,,
02.03.2019,22:43:00,08:10:00,9,45,,
01.03.2019,23:04:00,07:51:00,8,78,,
28.02.2019,04:36:00,08:22:00,3,77,,
28.02.2019,22:57:00,04:12:00,5,25,,
27.02.2019,04:10:00,08:52:00,4,7,,
27.02.2019,22:34:00,03:52:00,5,3,,
26.02.2019,23:33:00,08:28:00,8,91,,
25.02.2019,23:06:00,07:55:00,8,81,,
24.02.2019,23:22:00,08:21:00,8,98,,
23.02.2019,02:26:00,07:55:00,5,48,,
23.02.2019,23:48:00,02:17:00,2,47,,
22.02.2019,00:07:00,09:00:00,8,88,,
21.02.2019,03:44:00,08:00:00,4,26,,
21.02.2019,23:32:00,03:39:00,4,12,,
20.02.2019,23:37:00,07:49:00,8,19,,
19.02.2019,13:55:00,14:48:00,0,88,,
19.02.2019,06:09:00,08:46:00,2,61,,
19.02.2019,21:28:00,06:01:00,8,54,,
18.02.2019,22:50:00,09:05:00,10,2,,
17.02.2019,02:12:00,08:05:00,5,88,,
17.02.2019,22:52:00,02:07:00,3,25,,
16.02.2019,15:34:00,16:46:00,1,2,,
16.02.2019,04:08:00,10:38:00,6,49,,
15.02.2019,13:52:00,15:37:00,1,75,,
15.02.2019,04:51:00,06:30:00,1,66,,
15.02.2019,22:56:00,04:42:00,5,76,,
14.02.2019,22:34:00,06:29:00,7,91,,
13.02.2019,23:09:00,06:30:00,7,35,,
12.02.2019,23:44:00,06:30:00,6,76,,
11.02.2019,05:51:00,06:30:00,0,64,,
11.02.2019,23:33:00,05:46:00,6,21,,
10.02.2019,07:20:00,09:31:00,2,17,,
10.02.2019,23:00:00,07:13:00,8,21,,
09.02.2019,07:40:00,08:35:00,0,9,,
09.02.2019,23:10:00,07:35:00,8,41,,
08.02.2019,22:20:00,23:05:00,0,75,,
08.02.2019,21:45:00,06:47:00,9,02,,
07.02.2019,06:40:00,07:38:00,0,96,,
07.02.2019,22:12:00,06:32:00,8,33,,
06.02.2019,17:08:00,17:30:00,0,36,,
06.02.2019,04:40:00,06:31:00,1,85,,
06.02.2019,03:31:00,04:30:00,0,97,,
06.02.2019,23:02:00,03:22:00,4,32,,
05.02.2019,03:00:00,06:30:00,3,5,,
05.02.2019,22:09:00,02:00:00,3,85,,
04.02.2019,22:35:00,06:15:00,7,66,,
03.02.2019,04:25:00,08:29:00,4,05,,
03.02.2019,02:03:00,04:20:00,2,27,,
02.02.2019,00:10:00,08:30:00,8,33,,
01.02.2019,22:23:00,07:51:00,9,46,,
31.01.2019,23:35:00,06:35:00,6,99,,
30.01.2019,23:06:00,06:46:00,7,66,,
29.01.2019,02:18:00,06:31:00,4,22,,
29.01.2019,22:50:00,02:09:00,3,31,,
28.01.2019,23:17:00,06:26:00,7,15,,
27.01.2019,07:25:00,09:07:00,1,7,,
27.01.2019,23:15:00,07:06:00,7,85,,
26.01.2019,06:01:00,08:34:00,2,55,,
26.01.2019,23:00:00,05:54:00,6,89,,
25.01.2019,05:25:00,06:30:00,1,08,,
25.01.2019,23:17:00,05:16:00,5,97,,
24.01.2019,22:55:00,06:30:00,7,58,,
23.01.2019,22:35:00,06:31:00,7,93,,
22.01.2019,21:00:00,06:00:00,9,,
21.01.2019,23:31:00,06:30:00,6,98,,
20.01.2019,01:49:00,08:18:00,6,48,,
20.01.2019,22:50:00,01:42:00,2,86,,
19.01.2019,23:44:00,07:56:00,8,2,,
18.01.2019,23:11:00,06:32:00,7,34,,
17.01.2019,23:25:00,06:30:00,7,08,,
16.01.2019,23:30:00,06:30:00,7,,
15.01.2019,22:52:00,06:32:00,7,66,,
14.01.2019,22:59:00,06:30:00,7,51,,
13.01.2019,04:11:00,07:52:00,3,67,,
13.01.2019,23:05:00,04:07:00,5,03,,
12.01.2019,23:15:00,23:16:00,0,01,,
12.01.2019,01:26:00,07:53:00,6,44,,
12.01.2019,22:35:00,01:20:00,2,74,,
11.01.2019,23:15:00,06:33:00,7,29,,
10.01.2019,23:35:00,06:30:00,6,9,,
09.01.2019,23:28:00,06:33:00,7,09,,
08.01.2019,23:17:00,06:33:00,7,26,,
07.01.2019,23:32:00,09:02:00,9,5,,
06.01.2019,23:24:00,08:44:00,9,33,,
05.01.2019,15:20:00,17:01:00,1,68,,
05.01.2019,08:54:00,09:54:00,0,98,,
05.01.2019,06:00:00,08:29:00,2,48,,
04.01.2019,23:27:00,09:21:00,9,9,,
03.01.2019,00:46:00,08:20:00,7,56,,
02.01.2019,08:13:00,09:37:00,1,4,,
02.01.2019,02:06:00,08:04:00,5,97,,
02.01.2019,22:10:00,01:59:00,3,81,,
01.01.2019,21:17:00,22:05:00,0,8,,
01.01.2019,06:29:00,08:30:00,2,01,,
31.12.2018,00:21:00,08:09:00,7,8,,
30.12.2018,00:09:00,08:19:00,8,16,,
29.12.2018,00:14:00,08:14:00,7,99,,
28.12.2018,23:52:00,09:05:00,9,21,,
27.12.2018,03:59:00,09:15:00,5,26,,
27.12.2018,23:23:00,03:45:00,4,36,,
26.12.2018,23:05:00,08:27:00,9,36,,
25.12.2018,22:53:00,08:37:00,9,72,,
24.12.2018,06:40:00,08:00:00,1,33,,
24.12.2018,23:00:00,06:35:00,7,57,,
23.12.2018,05:41:00,08:12:00,2,52,,
23.12.2018,23:13:00,05:35:00,6,36,,
22.12.2018,01:35:00,09:09:00,7,56,,
22.12.2018,23:21:00,01:26:00,2,08,,
21.12.2018,23:04:00,06:24:00,7,33,,
20.12.2018,23:00:00,06:30:00,7,5,,
19.12.2018,23:18:00,08:00:00,8,69,,
18.12.2018,17:24:00,17:49:00,0,41,,
18.12.2018,22:39:00,06:30:00,7,85,,
17.12.2018,01:21:00,06:27:00,5,11,,
17.12.2018,23:08:00,01:13:00,2,09,,
16.12.2018,23:04:00,07:45:00,8,68,,
15.12.2018,06:46:00,08:15:00,1,48,,
15.12.2018,22:45:00,06:41:00,7,92,,
14.12.2018,21:20:00,06:28:00,9,13,,
13.12.2018,22:16:00,06:25:00,8,14,,
12.12.2018,00:24:00,05:02:00,4,62,,
11.12.2018,22:45:00,06:37:00,7,86,,
10.12.2018,03:51:00,06:30:00,2,65,,
10.12.2018,22:50:00,03:45:00,4,92,,
09.12.2018,23:43:00,09:01:00,9,3,,
08.12.2018,07:35:00,13:06:00,5,51,,
07.12.2018,15:25:00,16:00:00,0,58,,
07.12.2018,23:38:00,06:10:00,6,52,,
06.12.2018,18:45:00,20:26:00,1,67,,
06.12.2018,23:27:00,06:30:00,7,05,,
05.12.2018,23:51:00,06:30:00,6,65,,
04.12.2018,00:21:00,06:23:00,6,03,,
03.12.2018,05:50:00,06:30:00,0,66,,
03.12.2018,02:25:00,05:40:00,3,25,,
03.12.2018,00:49:00,02:17:00,1,46,,
02.12.2018,07:52:00,09:59:00,2,11,,
02.12.2018,22:10:00,07:41:00,9,51,,
01.12.2018,21:30:00,22:05:00,0,57,,
01.12.2018,04:30:00,07:41:00,3,19,,
30.11.2018,04:22:00,08:30:00,4,13,,
30.11.2018,00:00:00,02:00:00,2,,
29.11.2018,02:00:00,07:15:00,5,25,,
28.11.2018,22:52:00,07:19:00,8,44,,
27.11.2018,00:37:00,07:25:00,6,8,,
26.11.2018,00:45:00,07:15:00,6,5,,
25.11.2018,00:44:00,07:30:00,6,76,,
24.11.2018,22:36:00,08:26:00,9,84,,
23.11.2018,04:35:00,08:02:00,3,45,,
23.11.2018,23:28:00,04:30:00,5,03,,
22.11.2018,07:40:00,09:08:00,1,46,,
22.11.2018,03:07:00,07:33:00,4,44,,
22.11.2018,23:14:00,02:46:00,3,53,,
21.11.2018,23:50:00,08:58:00,9,14,,
20.11.2018,02:49:00,06:20:00,3,51,,
20.11.2018,21:17:00,02:41:00,5,39,,
19.11.2018,01:39:00,06:30:00,4,85,,
19.11.2018,23:20:00,00:30:00,1,16,,
18.11.2018,23:28:00,08:03:00,8,57,,
17.11.2018,22:53:00,08:39:00,9,77,,
16.11.2018,23:36:00,06:32:00,6,93,,
15.11.2018,00:15:00,06:30:00,6,24,,
14.11.2018,23:29:00,06:34:00,7,08,,
13.11.2018,23:01:00,06:32:00,7,51,,
12.11.2018,23:40:00,06:30:00,6,83,,
11.11.2018,07:40:00,09:12:00,1,53,,
11.11.2018,23:29:00,07:28:00,7,97,,
10.11.2018,22:14:00,07:56:00,9,7,,
09.11.2018,22:43:00,07:22:00,8,63,,
08.11.2018,21:40:00,07:00:00,9,33,,
07.11.2018,23:42:00,06:30:00,6,8,,
06.11.2018,05:45:00,06:30:00,0,75,,
06.11.2018,23:04:00,05:30:00,6,43,,
05.11.2018,00:58:00,06:33:00,5,58,,
04.11.2018,05:47:00,09:20:00,3,55,,
04.11.2018,01:32:00,05:42:00,4,16,,
03.11.2018,08:47:00,10:07:00,1,33,,
03.11.2018,03:15:00,08:21:00,5,1,,
03.11.2018,23:49:00,03:09:00,3,33,,
02.11.2018,01:06:00,10:34:00,9,46,,
01.11.2018,04:27:00,08:30:00,4,05,,
01.11.2018,23:11:00,04:22:00,5,17,,
31.10.2018,01:10:00,09:02:00,7,86,,
31.10.2018,22:05:00,01:01:00,2,93,,
30.10.2018,03:20:00,07:55:00,4,58,,
30.10.2018,22:33:00,03:11:00,4,63,,
29.10.2018,21:09:00,21:09:00,5,93,,
29.10.2018,03:32:00,08:30:00,4,96,,
29.10.2018,01:19:00,03:25:00,2,09,,
29.10.2018,22:47:00,01:14:00,2,44,,
28.10.2018,21:23:00,22:40:00,1,28,,
28.10.2018,10:00:00,11:50:00,1,83,,
28.10.2018,06:00:00,08:35:00,2,58,,
28.10.2018,02:00:00,05:05:00,3,08,,
28.10.2018,22:26:00,00:26:00,2,,
27.10.2018,04:57:00,10:13:00,5,26,,
27.10.2018,00:02:00,04:51:00,4,8,,
26.10.2018,01:11:00,08:05:00,6,9,,
25.10.2018,22:30:00,06:45:00,8,25,,
24.10.2018,22:40:00,06:33:00,7,88,,
23.10.2018,22:19:00,06:33:00,8,23,,
22.10.2018,23:48:00,06:33:00,6,74,,
21.10.2018,06:09:00,09:48:00,3,65,,
21.10.2018,23:18:00,06:01:00,6,71,,
20.10.2018,00:47:00,08:36:00,7,81,,
19.10.2018,00:32:00,06:33:00,6,01,,
19.10.2018,23:10:00,00:24:00,1,23,, sixekick wants an auto-item-drop-destroyrt
18.10.2018,18:20:00,19:57:00,1,62,,
18.10.2018,22:31:00,06:34:00,8,05,,
17.10.2018,16:42:00,17:18:00,0,59,,
17.10.2018,00:23:00,06:33:00,6,16,,
16.10.2018,03:04:00,06:33:00,3,48,,
16.10.2018,21:10:00,02:55:00,5,74,,
15.10.2018,23:40:00,06:33:00,6,89,,
14.10.2018,00:34:00,09:05:00,8,52,,
13.10.2018,00:25:00,09:35:00,9,15,,
12.10.2018,23:18:00,06:10:00,6,86,,
11.10.2018,23:43:00,06:41:00,6,95,,
10.10.2018,22:50:00,06:35:00,7,75,,
09.10.2018,22:48:00,06:30:00,7,71,,
08.10.2018,00:33:00,06:35:00,6,03,,
07.10.2018,00:59:00,09:01:00,8,04,,
06.10.2018,01:00:00,09:00:00,8,,
05.10.2018,23:44:00,06:32:00,6,8,,
04.10.2018,00:04:00,06:35:00,6,51,,
03.10.2018,23:59:00,06:30:00,6,51,,
02.10.2018,00:02:00,06:40:00,6,63,,
01.10.2018,23:15:00,06:30:00,7,25,,
30.09.2018,00:00:00,09:50:00,9,83,,
29.09.2018,03:19:00,08:30:00,5,18,,
29.09.2018,21:21:00,03:14:00,5,88,,
28.09.2018,23:23:00,06:30:00,7,11,,
27.09.2018,17:05:00,18:00:00,0,91,,
27.09.2018,23:59:00,06:38:00,6,65,,
26.09.2018,08:16:00,10:10:00,1,9,,
26.09.2018,22:38:00,07:40:00,9,04,,
25.09.2018,16:20:00,18:26:00,2,09,,
25.09.2018,22:39:00,06:34:00,7,91,,
24.09.2018,23:38:00,06:30:00,6,86,,
23.09.2018,00:31:00,09:50:00,9,31,,
22.09.2018,01:22:00,09:37:00,8,24,,
21.09.2018,23:01:00,09:29:00,10,4,,
20.09.2018,23:07:00,06:35:00,7,45,,
19.09.2018,23:20:00,06:35:00,7,25,, 3 dievcta
18.09.2018,16:04:00,17:10:00,1,1,,
18.09.2018,01:34:00,06:33:00,4,98,,
18.09.2018,23:05:00,01:24:00,2,31,,
17.09.2018,22:55:00,22:59:00,0,07,,
17.09.2018,00:20:00,06:33:00,6,2,,
17.09.2018,00:12:00,00:15:00,0,05,,
16.09.2018,00:29:00,09:01:00,8,52,,
15.09.2018,23:59:00,09:15:00,9,27,,
14.09.2018,23:28:00,07:59:00,8,52,,
13.09.2018,22:31:00,06:33:00,8,02,,
12.09.2018,03:12:00,06:30:00,3,3,,
12.09.2018,23:06:00,03:05:00,3,99,, kopija z kosti. ostry a tupy kpnec. 
11.09.2018,02:43:00,06:33:00,3,84,,
11.09.2018,22:52:00,02:38:00,3,77,,
10.09.2018,00:45:00,06:37:00,5,86,,
09.09.2018,07:36:00,08:43:00,1,11,,
09.09.2018,23:54:00,07:28:00,7,57,,
08.09.2018,04:05:00,08:06:00,4,02,,
08.09.2018,23:15:00,04:00:00,4,74,,
07.09.2018,20:00:00,20:51:00,0,85,, ze existujes? 
07.09.2018,19:15:00,19:51:00,0,6,,
07.09.2018,23:50:00,06:31:00,6,68,,
06.09.2018,04:35:00,06:33:00,1,96,,
06.09.2018,22:30:00,04:25:00,5,91,,
05.09.2018,23:49:00,06:33:00,6,73,,
04.09.2018,22:26:00,06:35:00,8,15,,
03.09.2018,00:01:00,06:33:00,6,52,,
02.09.2018,07:35:00,08:51:00,1,26,,
02.09.2018,23:00:00,07:29:00,8,48,,
01.09.2018,04:37:00,08:10:00,3,55,,
01.09.2018,00:05:00,04:27:00,4,36,,
31.08.2018,23:29:00,08:58:00,9,48,,
30.08.2018,23:52:00,09:08:00,9,28,,
29.08.2018,00:02:00,07:05:00,7,04,,
28.08.2018,23:25:00,23:40:00,0,24,,
28.08.2018,00:02:00,07:58:00,7,93,,
27.08.2018,06:16:00,07:40:00,1,4,,
27.08.2018,23:45:00,06:11:00,6,43,,
26.08.2018,03:57:00,08:53:00,4,93,,
26.08.2018,00:48:00,03:52:00,3,05,,
25.08.2018,01:25:00,07:25:00,6,,
25.08.2018,22:51:00,01:20:00,2,48,,
24.08.2018,06:52:00,07:30:00,0,63,,
24.08.2018,23:36:00,06:45:00,7,15,,
23.08.2018,06:03:00,07:30:00,1,45,,
23.08.2018,23:09:00,05:58:00,6,81,,
22.08.2018,23:59:00,07:30:00,7,52,,
21.08.2018,07:05:00,07:30:00,0,41,,
21.08.2018,22:53:00,06:56:00,8,05,,
20.08.2018,06:47:00,07:45:00,0,96,,
20.08.2018,02:43:00,06:38:00,3,91,,
20.08.2018,23:19:00,02:37:00,3,31,,
19.08.2018,02:03:00,10:05:00,8,03,,
18.08.2018,07:33:00,09:05:00,1,53,,
18.08.2018,00:41:00,07:25:00,6,73,,
17.08.2018,00:31:00,09:42:00,9,17,,
16.08.2018,00:38:00,09:22:00,8,73,,
15.08.2018,07:56:00,08:33:00,0,62,,
15.08.2018,00:40:00,07:44:00,7,07,,
14.08.2018,00:45:00,07:51:00,7,09,,
13.08.2018,02:37:00,07:48:00,5,17,,
13.08.2018,00:14:00,02:32:00,2,29,,
12.08.2018,23:04:00,08:19:00,9,24,,
11.08.2018,07:02:00,08:26:00,1,39,,
11.08.2018,23:40:00,06:52:00,7,18,,
10.08.2018,23:17:00,08:34:00,9,27,,
09.08.2018,03:54:00,07:10:00,3,26,,
09.08.2018,22:19:00,03:38:00,5,32,,
08.08.2018,07:11:00,08:12:00,1,02,,
08.08.2018,02:52:00,06:53:00,4,02,,
08.08.2018,22:18:00,02:31:00,4,22,,
07.08.2018,22:26:00,08:33:00,10,1,,
06.08.2018,07:23:00,08:23:00,1,,
06.08.2018,23:22:00,07:18:00,7,94,,
05.08.2018,08:17:00,09:42:00,1,41,, led
05.08.2018,01:02:00,08:09:00,7,11,,
04.08.2018,07:48:00,09:16:00,1,47,,
04.08.2018,03:27:00,07:42:00,4,24,,
04.08.2018,22:09:00,03:19:00,5,16,,
03.08.2018,01:36:00,07:05:00,5,49,,
02.08.2018,01:19:00,07:56:00,6,62,,
01.08.2018,02:05:00,07:57:00,5,87,,
31.07.2018,06:40:00,07:46:00,1,08,,
31.07.2018,00:11:00,06:19:00,6,12,,
30.07.2018,07:24:00,07:53:00,0,48,,
30.07.2018,07:14:00,07:17:00,0,05,,
30.07.2018,04:34:00,07:09:00,2,58,,
30.07.2018,00:36:00,04:28:00,3,86,, death suicide
29.07.2018,07:30:00,09:33:00,2,05,,
29.07.2018,04:32:00,07:23:00,2,85,,
29.07.2018,02:13:00,04:27:00,2,22,,
29.07.2018,00:58:00,02:07:00,1,15,, there was an smer game andove was calming can xonnexting lpoele
28.07.2018,10:07:00,11:22:00,1,25,,
28.07.2018,08:21:00,10:02:00,1,68,,
28.07.2018,01:02:00,08:16:00,7,23,,
27.07.2018,16:36:00,16:36:00,8,09,,
27.07.2018,16:10:00,16:36:00,0,42,,
27.07.2018,01:20:00,07:20:00,6,,
26.07.2018,14:50:00,15:07:00,0,27,,
26.07.2018,07:11:00,07:26:00,0,25,,
26.07.2018,02:05:00,07:05:00,5,,
25.07.2018,00:35:00,07:28:00,6,88,,
24.07.2018,01:07:00,07:03:00,5,92,,
23.07.2018,00:47:00,07:20:00,6,55,,
22.07.2018,07:53:00,09:18:00,1,41,,
22.07.2018,01:43:00,07:47:00,6,06,,
21.07.2018,05:25:00,08:45:00,3,33,,
21.07.2018,03:00:00,05:20:00,2,33,,
21.07.2018,00:25:00,02:55:00,2,49,,
21.07.2018,21:26:00,00:16:00,2,82,,
20.07.2018,02:12:00,06:35:00,4,38,,
19.07.2018,07:38:00,08:10:00,0,52,,
19.07.2018,01:52:00,07:33:00,5,68,,
18.07.2018,05:35:00,09:21:00,3,76,,
18.07.2018,01:26:00,02:24:00,0,96,,
17.07.2018,02:30:00,08:16:00,5,75,,
16.07.2018,07:32:00,08:16:00,0,73,,
16.07.2018,00:30:00,07:35:00,7,08,,
15.07.2018,08:37:00,09:40:00,1,05,,
15.07.2018,04:04:00,08:30:00,4,43,,
14.07.2018,00:43:00,08:01:00,7,3,,
13.07.2018,01:44:00,07:52:00,6,13,,
12.07.2018,00:37:00,07:51:00,7,23,,
11.07.2018,01:34:00,08:01:00,6,43,,
10.07.2018,01:44:00,07:41:00,5,96,,
09.07.2018,00:15:00,07:30:00,7,25,,
08.07.2018,07:50:00,08:24:00,0,56,,
08.07.2018,00:57:00,07:44:00,6,78,,
07.07.2018,18:56:00,20:28:00,1,52,,
07.07.2018,15:07:00,18:20:00,3,2,,
06.07.2018,08:22:00,09:17:00,0,9,,
06.07.2018,00:47:00,08:17:00,7,49,,
05.07.2018,00:45:00,09:45:00,9,,
04.07.2018,02:17:00,08:00:00,5,71,,
03.07.2018,00:54:00,09:33:00,8,65,,
02.07.2018,03:55:00,09:46:00,5,84,,
02.07.2018,01:02:00,03:03:00,2,01,,
01.07.2018,06:41:00,07:45:00,1,05,,
01.07.2018,04:25:00,06:36:00,2,17,,
01.07.2018,02:21:00,04:14:00,1,87,,
30.06.2018,07:08:00,07:52:00,0,72,,
30.06.2018,01:27:00,07:03:00,5,61,,
29.06.2018,23:30:00,07:36:00,8,09,,
28.06.2018,08:02:00,12:12:00,4,16,,
27.06.2018,23:45:00,07:29:00,7,73,,
26.06.2018,06:48:00,07:24:00,0,6,,
26.06.2018,00:58:00,06:40:00,5,69,,
25.06.2018,23:21:00,07:15:00,7,9,,
24.06.2018,22:23:00,04:58:00,6,57,,
23.06.2018,00:44:00,10:04:00,9,33,,
22.06.2018,23:41:00,06:30:00,6,8,,
21.06.2018,04:26:00,06:30:00,2,06,,
21.06.2018,23:58:00,04:21:00,4,37,,
20.06.2018,23:15:00,06:30:00,7,25,,
19.06.2018,03:17:00,06:30:00,3,21,,
19.06.2018,00:11:00,03:09:00,2,96,,
18.06.2018,04:50:00,06:31:00,1,67,,
18.06.2018,03:37:00,04:45:00,1,13,,
18.06.2018,02:32:00,03:25:00,0,88,,
18.06.2018,23:35:00,02:27:00,2,85,,
17.06.2018,08:09:00,10:00:00,1,85,,
17.06.2018,01:27:00,08:03:00,6,6,,
16.06.2018,08:58:00,08:58:00,0,,
16.06.2018,08:05:00,08:58:00,0,88,,
16.06.2018,07:46:00,08:01:00,0,24,,
16.06.2018,03:33:00,07:37:00,4,06,,
16.06.2018,22:54:00,03:20:00,4,43,,
15.06.2018,05:43:00,06:29:00,0,77,,
15.06.2018,23:34:00,05:37:00,6,04,,
14.06.2018,05:55:00,06:25:00,0,5,,
14.06.2018,04:46:00,05:50:00,1,06,,
14.06.2018,02:54:00,04:41:00,1,78,,
14.06.2018,23:42:00,02:33:00,2,85,,
13.06.2018,14:49:00,15:30:00,0,68,,
13.06.2018,23:56:00,06:20:00,6,4,,
12.06.2018,02:08:00,06:29:00,4,35,,
12.06.2018,22:55:00,01:58:00,3,04,,
11.06.2018,00:20:00,06:25:00,6,08,,
10.06.2018,22:43:00,06:34:00,7,86,,
09.06.2018,02:05:00,06:20:00,4,25,,
09.06.2018,23:02:00,02:05:00,3,03,,
08.06.2018,02:44:00,06:26:00,3,69,,
08.06.2018,23:52:00,02:44:00,2,86,,
07.06.2018,23:35:00,06:22:00,6,77,,
06.06.2018,04:02:00,06:21:00,2,31,,
06.06.2018,23:44:00,04:02:00,4,3,,
05.06.2018,15:11:00,16:05:00,0,9,,
05.06.2018,23:34:00,06:25:00,6,85,,
04.06.2018,04:40:00,06:26:00,1,77,,
04.06.2018,00:01:00,04:33:00,4,53,,
03.06.2018,01:49:00,09:00:00,7,18,,
02.06.2018,00:30:00,09:25:00,8,91,,
01.06.2018,00:18:00,09:07:00,8,82,,
